<?xml version="1.0" encoding="UTF-8"?>
<!-- Generated by Fujitsu Interstage XWand B0228 -->
<link:linkbase xmlns:xsi="http://www.w3.org/2001/XMLSchema-instance" xsi:schemaLocation="http://www.xbrl.org/2003/linkbase http://www.xbrl.org/2003/xbrl-linkbase-2003-12-31.xsd" xmlns:sasb-dei="http://www.sasb.org/xbrl/taxonomy/dei" xmlns:link="http://www.xbrl.org/2003/linkbase" xmlns:xbrli="http://www.xbrl.org/2003/instance" xmlns:xlink="http://www.w3.org/1999/xlink">
  <link:labelLink xlink:type="extended" xlink:role="http://www.xbrl.org/2003/role/link">
    <link:loc xlink:type="locator" xlink:href="sasb-dei.xsd#sasb-dei_GeneralInformationTable" xlink:label="DocumentAndEntityInformationTable" xlink:title="DocumentAndEntityInformationTable"/>
    <link:label xlink:type="resource" xlink:label="label_DocumentAndEntityInformationTable" xlink:role="http://www.xbrl.org/2003/role/label" xlink:title="label_DocumentAndEntityInformationTable" xml:lang="en-US" id="label_DocumentAndEntityInformationTable">General Information [Table]</link:label>
    <link:labelArc xlink:type="arc" xlink:arcrole="http://www.xbrl.org/2003/arcrole/concept-label" xlink:from="DocumentAndEntityInformationTable" xlink:to="label_DocumentAndEntityInformationTable" xlink:title="label: DocumentAndEntityInformationTable to label_DocumentAndEntityInformationTable"/>
    <link:loc xlink:type="locator" xlink:href="sasb-dei.xsd#sasb-dei_GeneralInformationLineItems" xlink:label="DocumentAndEntityInformationLineItems" xlink:title="DocumentAndEntityInformationLineItems"/>
    <link:label xlink:type="resource" xlink:label="label_DocumentAndEntityInformationLineItems" xlink:role="http://www.xbrl.org/2003/role/label" xlink:title="label_DocumentAndEntityInformationLineItems" xml:lang="en-US" id="label_DocumentAndEntityInformationLineItems">General Information [Line Items]</link:label>
    <link:labelArc xlink:type="arc" xlink:arcrole="http://www.xbrl.org/2003/arcrole/concept-label" xlink:from="DocumentAndEntityInformationLineItems" xlink:to="label_DocumentAndEntityInformationLineItems" xlink:title="label: DocumentAndEntityInformationLineItems to label_DocumentAndEntityInformationLineItems"/>
    <link:loc xlink:type="locator" xlink:href="sasb-dei.xsd#sasb-dei-cor_NameOfReportingEntityOrOtherMeansOfIdentification" xlink:label="NameOfReportingEntityOrOtherMeansOfIdentification" xlink:title="NameOfReportingEntityOrOtherMeansOfIdentification"/>
    <link:label xlink:type="resource" xlink:label="label_NameOfReportingEntityOrOtherMeansOfIdentification" xlink:role="http://www.xbrl.org/2003/role/label" xlink:title="label_NameOfReportingEntityOrOtherMeansOfIdentification" xml:lang="en-US" id="label_NameOfReportingEntityOrOtherMeansOfIdentification">Name of reporting entity or other means of identification</link:label>
    <link:labelArc xlink:type="arc" xlink:arcrole="http://www.xbrl.org/2003/arcrole/concept-label" xlink:from="NameOfReportingEntityOrOtherMeansOfIdentification" xlink:to="label_NameOfReportingEntityOrOtherMeansOfIdentification" xlink:title="label: NameOfReportingEntityOrOtherMeansOfIdentification to label_NameOfReportingEntityOrOtherMeansOfIdentification"/>
    <link:label xlink:type="resource" xlink:label="label_NameOfReportingEntityOrOtherMeansOfIdentification_2" xlink:role="http://www.xbrl.org/2003/role/documentation" xlink:title="label_NameOfReportingEntityOrOtherMeansOfIdentification" xml:lang="en-US" id="label_NameOfReportingEntityOrOtherMeansOfIdentification_2">The name of the reporting entity or other means of identification.</link:label>
    <link:labelArc xlink:type="arc" xlink:arcrole="http://www.xbrl.org/2003/arcrole/concept-label" xlink:from="NameOfReportingEntityOrOtherMeansOfIdentification" xlink:to="label_NameOfReportingEntityOrOtherMeansOfIdentification_2" xlink:title="label: NameOfReportingEntityOrOtherMeansOfIdentification to label_NameOfReportingEntityOrOtherMeansOfIdentification"/>
    <link:loc xlink:type="locator" xlink:href="sasb-dei.xsd#sasb-dei-cor_ExplanationOfChangeInNameOfReportingEntityOrOtherMeansOfIdentificationFromEndOfPrecedingReportingPeriod" xlink:label="ExplanationOfChangeInNameOfReportingEntityOrOtherMeansOfIdentificationFromEndOfPrecedingReportingPeriod" xlink:title="ExplanationOfChangeInNameOfReportingEntityOrOtherMeansOfIdentificationFromEndOfPrecedingReportingPeriod"/>
    <link:label xlink:type="resource" xlink:label="label_ExplanationOfChangeInNameOfReportingEntityOrOtherMeansOfIdentificationFromEndOfPrecedingReportingPeriod" xlink:role="http://www.xbrl.org/2003/role/label" xlink:title="label_ExplanationOfChangeInNameOfReportingEntityOrOtherMeansOfIdentificationFromEndOfPrecedingReportingPeriod" xml:lang="en-US" id="label_ExplanationOfChangeInNameOfReportingEntityOrOtherMeansOfIdentificationFromEndOfPrecedingReportingPeriod">Explanation of change in name of reporting entity or other means of identification from end of preceding reporting period</link:label>
    <link:labelArc xlink:type="arc" xlink:arcrole="http://www.xbrl.org/2003/arcrole/concept-label" xlink:from="ExplanationOfChangeInNameOfReportingEntityOrOtherMeansOfIdentificationFromEndOfPrecedingReportingPeriod" xlink:to="label_ExplanationOfChangeInNameOfReportingEntityOrOtherMeansOfIdentificationFromEndOfPrecedingReportingPeriod" xlink:title="label: ExplanationOfChangeInNameOfReportingEntityOrOtherMeansOfIdentificationFromEndOfPrecedingReportingPeriod to label_ExplanationOfChangeInNameOfReportingEntityOrOtherMeansOfIdentificationFromEndOfPrecedingReportingPeriod"/>
    <link:label xlink:type="resource" xlink:label="label_ExplanationOfChangeInNameOfReportingEntityOrOtherMeansOfIdentificationFromEndOfPrecedingReportingPeriod_2" xlink:role="http://www.xbrl.org/2003/role/documentation" xlink:title="label_ExplanationOfChangeInNameOfReportingEntityOrOtherMeansOfIdentificationFromEndOfPrecedingReportingPeriod" xml:lang="en-US" id="label_ExplanationOfChangeInNameOfReportingEntityOrOtherMeansOfIdentificationFromEndOfPrecedingReportingPeriod_2">The explanation of the change in either the name of the reporting entity or any other means of identification from the end of the preceding reporting period.</link:label>
    <link:labelArc xlink:type="arc" xlink:arcrole="http://www.xbrl.org/2003/arcrole/concept-label" xlink:from="ExplanationOfChangeInNameOfReportingEntityOrOtherMeansOfIdentificationFromEndOfPrecedingReportingPeriod" xlink:to="label_ExplanationOfChangeInNameOfReportingEntityOrOtherMeansOfIdentificationFromEndOfPrecedingReportingPeriod_2" xlink:title="label: ExplanationOfChangeInNameOfReportingEntityOrOtherMeansOfIdentificationFromEndOfPrecedingReportingPeriod to label_ExplanationOfChangeInNameOfReportingEntityOrOtherMeansOfIdentificationFromEndOfPrecedingReportingPeriod"/>
    <link:loc xlink:type="locator" xlink:href="sasb-dei.xsd#sasb-dei-cor_DateOfEndOfReportingPeriod" xlink:label="DateOfEndOfReportingPeriod" xlink:title="DateOfEndOfReportingPeriod"/>
    <link:label xlink:type="resource" xlink:label="label_DateOfEndOfReportingPeriod" xlink:role="http://www.xbrl.org/2003/role/label" xlink:title="label_DateOfEndOfReportingPeriod" xml:lang="en-US" id="label_DateOfEndOfReportingPeriod">Date of end of reporting period</link:label>
    <link:labelArc xlink:type="arc" xlink:arcrole="http://www.xbrl.org/2003/arcrole/concept-label" xlink:from="DateOfEndOfReportingPeriod" xlink:to="label_DateOfEndOfReportingPeriod" xlink:title="label: DateOfEndOfReportingPeriod to label_DateOfEndOfReportingPeriod"/>
    <link:label xlink:type="resource" xlink:label="label_DateOfEndOfReportingPeriod_2" xlink:role="http://www.xbrl.org/2003/role/documentation" xlink:title="label_DateOfEndOfReportingPeriod" xml:lang="en-US" id="label_DateOfEndOfReportingPeriod_2">The date of the end of the reporting period.</link:label>
    <link:labelArc xlink:type="arc" xlink:arcrole="http://www.xbrl.org/2003/arcrole/concept-label" xlink:from="DateOfEndOfReportingPeriod" xlink:to="label_DateOfEndOfReportingPeriod_2" xlink:title="label: DateOfEndOfReportingPeriod to label_DateOfEndOfReportingPeriod"/>
    <link:loc xlink:type="locator" xlink:href="sasb-dei.xsd#sasb-dei-cor_DateOfBeginningOfReportingPeriod" xlink:label="DateOfBeginningOfReportingPeriod" xlink:title="DateOfBeginningOfReportingPeriod"/>
    <link:label xlink:type="resource" xlink:label="label_DateOfBeginningOfReportingPeriod" xlink:role="http://www.xbrl.org/2003/role/label" xlink:title="label_DateOfBeginningOfReportingPeriod" xml:lang="en-US" id="label_DateOfBeginningOfReportingPeriod">Date of beginning of reporting period</link:label>
    <link:labelArc xlink:type="arc" xlink:arcrole="http://www.xbrl.org/2003/arcrole/concept-label" xlink:from="DateOfBeginningOfReportingPeriod" xlink:to="label_DateOfBeginningOfReportingPeriod" xlink:title="label: DateOfBeginningOfReportingPeriod to label_DateOfBeginningOfReportingPeriod"/>
    <link:label xlink:type="resource" xlink:label="label_DateOfBeginningOfReportingPeriod_2" xlink:role="http://www.xbrl.org/2003/role/documentation" xlink:title="label_DateOfBeginningOfReportingPeriod" xml:lang="en-US" id="label_DateOfBeginningOfReportingPeriod_2">The date of the beginning of the reporting period.</link:label>
    <link:labelArc xlink:type="arc" xlink:arcrole="http://www.xbrl.org/2003/arcrole/concept-label" xlink:from="DateOfBeginningOfReportingPeriod" xlink:to="label_DateOfBeginningOfReportingPeriod_2" xlink:title="label: DateOfBeginningOfReportingPeriod to label_DateOfBeginningOfReportingPeriod"/>
    <link:loc xlink:type="locator" xlink:href="sasb-dei.xsd#sasb-dei-cor_DomicileOfEntity" xlink:label="DomicileOfEntity" xlink:title="DomicileOfEntity"/>
    <link:label xlink:type="resource" xlink:label="label_DomicileOfEntity" xlink:role="http://www.xbrl.org/2003/role/label" xlink:title="label_DomicileOfEntity" xml:lang="en-US" id="label_DomicileOfEntity">Domicile of entity</link:label>
    <link:labelArc xlink:type="arc" xlink:arcrole="http://www.xbrl.org/2003/arcrole/concept-label" xlink:from="DomicileOfEntity" xlink:to="label_DomicileOfEntity" xlink:title="label: DomicileOfEntity to label_DomicileOfEntity"/>
    <link:label xlink:type="resource" xlink:label="label_DomicileOfEntity_2" xlink:role="http://www.xbrl.org/2003/role/documentation" xlink:title="label_DomicileOfEntity" xml:lang="en-US" id="label_DomicileOfEntity_2">The country in which the entity is domiciled.</link:label>
    <link:labelArc xlink:type="arc" xlink:arcrole="http://www.xbrl.org/2003/arcrole/concept-label" xlink:from="DomicileOfEntity" xlink:to="label_DomicileOfEntity_2" xlink:title="label: DomicileOfEntity to label_DomicileOfEntity"/>
    <link:label xlink:type="resource" xlink:label="label_DomicileOfEntity_3" xlink:role="http://www.xbrl.org/2003/role/commentaryGuidance" xlink:title="label_DomicileOfEntity" xml:lang="en-US" id="label_DomicileOfEntity_3">Values reported using this element should be elements available in the taxonomies used, including the extension taxonomy. An example of how the pattern for the reported value would appear is: "http://xbrl.sec.gov/country/2020-01-31#FR http://xbrl.sec.gov/country/2020-01-31#US". The intended values are domain-members of domain srt:SegmentGeographicalDomain within the definition linkbase.</link:label>
    <link:labelArc xlink:type="arc" xlink:arcrole="http://www.xbrl.org/2003/arcrole/concept-label" xlink:from="DomicileOfEntity" xlink:to="label_DomicileOfEntity_3" xlink:title="label: DomicileOfEntity to label_DomicileOfEntity"/>
    <link:loc xlink:type="locator" xlink:href="sasb-dei.xsd#sasb-dei-cor_CountryOfIncorporation" xlink:label="CountryOfIncorporation" xlink:title="CountryOfIncorporation"/>
    <link:label xlink:type="resource" xlink:label="label_CountryOfIncorporation" xlink:role="http://www.xbrl.org/2003/role/label" xlink:title="label_CountryOfIncorporation" xml:lang="en-US" id="label_CountryOfIncorporation">Country of incorporation</link:label>
    <link:labelArc xlink:type="arc" xlink:arcrole="http://www.xbrl.org/2003/arcrole/concept-label" xlink:from="CountryOfIncorporation" xlink:to="label_CountryOfIncorporation" xlink:title="label: CountryOfIncorporation to label_CountryOfIncorporation"/>
    <link:label xlink:type="resource" xlink:label="label_CountryOfIncorporation_2" xlink:role="http://www.xbrl.org/2003/role/documentation" xlink:title="label_CountryOfIncorporation" xml:lang="en-US" id="label_CountryOfIncorporation_2">The country in which the entity is incorporated.</link:label>
    <link:labelArc xlink:type="arc" xlink:arcrole="http://www.xbrl.org/2003/arcrole/concept-label" xlink:from="CountryOfIncorporation" xlink:to="label_CountryOfIncorporation_2" xlink:title="label: CountryOfIncorporation to label_CountryOfIncorporation"/>
    <link:label xlink:type="resource" xlink:label="label_CountryOfIncorporation_3" xlink:role="http://www.xbrl.org/2003/role/commentaryGuidance" xlink:title="label_CountryOfIncorporation" xml:lang="en-US" id="label_CountryOfIncorporation_3">Values reported using this element should be elements available in the taxonomies used, including the extension taxonomy. An example of how the pattern for the reported value would appear is: "http://xbrl.sec.gov/country/2020-01-31#FR http://xbrl.sec.gov/country/2020-01-31#US". The intended values are domain-members of domain srt:SegmentGeographicalDomain within the definition linkbase.</link:label>
    <link:labelArc xlink:type="arc" xlink:arcrole="http://www.xbrl.org/2003/arcrole/concept-label" xlink:from="CountryOfIncorporation" xlink:to="label_CountryOfIncorporation_3" xlink:title="label: CountryOfIncorporation to label_CountryOfIncorporation"/>
    <link:loc xlink:type="locator" xlink:href="sasb-dei.xsd#sasb-dei-cor_AddressOfRegisteredOfficeOfEntity" xlink:label="AddressOfRegisteredOfficeOfEntity" xlink:title="AddressOfRegisteredOfficeOfEntity"/>
    <link:label xlink:type="resource" xlink:label="label_AddressOfRegisteredOfficeOfEntity" xlink:role="http://www.xbrl.org/2003/role/label" xlink:title="label_AddressOfRegisteredOfficeOfEntity" xml:lang="en-US" id="label_AddressOfRegisteredOfficeOfEntity">Address of entity's registered office</link:label>
    <link:labelArc xlink:type="arc" xlink:arcrole="http://www.xbrl.org/2003/arcrole/concept-label" xlink:from="AddressOfRegisteredOfficeOfEntity" xlink:to="label_AddressOfRegisteredOfficeOfEntity" xlink:title="label: AddressOfRegisteredOfficeOfEntity to label_AddressOfRegisteredOfficeOfEntity"/>
    <link:label xlink:type="resource" xlink:label="label_AddressOfRegisteredOfficeOfEntity_2" xlink:role="http://www.xbrl.org/2003/role/documentation" xlink:title="label_AddressOfRegisteredOfficeOfEntity" xml:lang="en-US" id="label_AddressOfRegisteredOfficeOfEntity_2">The address at which the entity's office is registered.</link:label>
    <link:labelArc xlink:type="arc" xlink:arcrole="http://www.xbrl.org/2003/arcrole/concept-label" xlink:from="AddressOfRegisteredOfficeOfEntity" xlink:to="label_AddressOfRegisteredOfficeOfEntity_2" xlink:title="label: AddressOfRegisteredOfficeOfEntity to label_AddressOfRegisteredOfficeOfEntity"/>
    <link:loc xlink:type="locator" xlink:href="sasb-dei.xsd#sasb-dei-cor_NameOfParentEntity" xlink:label="NameOfParentEntity" xlink:title="NameOfParentEntity"/>
    <link:label xlink:type="resource" xlink:label="label_NameOfParentEntity" xlink:role="http://www.xbrl.org/2003/role/label" xlink:title="label_NameOfParentEntity" xml:lang="en-US" id="label_NameOfParentEntity">Name of parent entity</link:label>
    <link:labelArc xlink:type="arc" xlink:arcrole="http://www.xbrl.org/2003/arcrole/concept-label" xlink:from="NameOfParentEntity" xlink:to="label_NameOfParentEntity" xlink:title="label: NameOfParentEntity to label_NameOfParentEntity"/>
    <link:label xlink:type="resource" xlink:label="label_NameOfParentEntity_2" xlink:role="http://www.xbrl.org/2003/role/documentation" xlink:title="label_NameOfParentEntity" xml:lang="en-US" id="label_NameOfParentEntity_2">The name of the entity's parent.</link:label>
    <link:labelArc xlink:type="arc" xlink:arcrole="http://www.xbrl.org/2003/arcrole/concept-label" xlink:from="NameOfParentEntity" xlink:to="label_NameOfParentEntity_2" xlink:title="label: NameOfParentEntity to label_NameOfParentEntity"/>
    <link:loc xlink:type="locator" xlink:href="sasb-dei.xsd#sasb-dei-cor_NameOfUltimateParentOfGroup" xlink:label="NameOfUltimateParentOfGroup" xlink:title="NameOfUltimateParentOfGroup"/>
    <link:label xlink:type="resource" xlink:label="label_NameOfUltimateParentOfGroup" xlink:role="http://www.xbrl.org/2003/role/label" xlink:title="label_NameOfUltimateParentOfGroup" xml:lang="en-US" id="label_NameOfUltimateParentOfGroup">Name of ultimate parent of group</link:label>
    <link:labelArc xlink:type="arc" xlink:arcrole="http://www.xbrl.org/2003/arcrole/concept-label" xlink:from="NameOfUltimateParentOfGroup" xlink:to="label_NameOfUltimateParentOfGroup" xlink:title="label: NameOfUltimateParentOfGroup to label_NameOfUltimateParentOfGroup"/>
    <link:label xlink:type="resource" xlink:label="label_NameOfUltimateParentOfGroup_2" xlink:role="http://www.xbrl.org/2003/role/documentation" xlink:title="label_NameOfUltimateParentOfGroup" xml:lang="en-US" id="label_NameOfUltimateParentOfGroup_2">The name of the ultimate controlling party of the group.</link:label>
    <link:labelArc xlink:type="arc" xlink:arcrole="http://www.xbrl.org/2003/arcrole/concept-label" xlink:from="NameOfUltimateParentOfGroup" xlink:to="label_NameOfUltimateParentOfGroup_2" xlink:title="label: NameOfUltimateParentOfGroup to label_NameOfUltimateParentOfGroup"/>
    <link:loc xlink:type="locator" xlink:href="sasb-dei.xsd#sasb-dei-cor_DocumentType" xlink:label="DocumentType" xlink:title="DocumentType"/>
    <link:label xlink:type="resource" xlink:label="label_DocumentType" xlink:role="http://www.xbrl.org/2003/role/label" xlink:title="label_DocumentType" xml:lang="en-US" id="label_DocumentType">Document type</link:label>
    <link:labelArc xlink:type="arc" xlink:arcrole="http://www.xbrl.org/2003/arcrole/concept-label" xlink:from="DocumentType" xlink:to="label_DocumentType" xlink:title="label: DocumentType to label_DocumentType"/>
    <link:label xlink:type="resource" xlink:label="label_DocumentType_2" xlink:role="http://www.xbrl.org/2003/role/documentation" xlink:title="label_DocumentType" xml:lang="en-US" id="label_DocumentType_2">The type of document in which the ESG information is provided (such as 10-K, 10-Q, Annual ESG report, etc).</link:label>
    <link:labelArc xlink:type="arc" xlink:arcrole="http://www.xbrl.org/2003/arcrole/concept-label" xlink:from="DocumentType" xlink:to="label_DocumentType_2" xlink:title="label: DocumentType to label_DocumentType"/>
  </link:labelLink>
</link:linkbase>
