<?xml version="1.0" encoding="UTF-8"?>
<!-- Generated by Fujitsu Interstage XWand B0228 -->
<link:linkbase xmlns:xsi="http://www.w3.org/2001/XMLSchema-instance" xsi:schemaLocation="http://www.xbrl.org/2003/linkbase http://www.xbrl.org/2003/xbrl-linkbase-2003-12-31.xsd" xmlns:link="http://www.xbrl.org/2003/linkbase" xmlns:xbrli="http://www.xbrl.org/2003/instance" xmlns:xlink="http://www.w3.org/1999/xlink">
  <link:roleRef roleURI="http://tcfd.sasb.org/xbrl/taxonomy/recommendations" xlink:type="simple" xlink:href="tcfd.xsd#elr_TaskForceOnClimateChangeRelatedFinancialDisclosuresRecommendations"/>
  <link:presentationLink xlink:type="extended" xlink:role="http://tcfd.sasb.org/xbrl/taxonomy/recommendations">
    <link:loc xlink:type="locator" xlink:href="tcfd.xsd#tcfd_TaskForceOnClimateRelatedFinancialDisclosuresRecommendationsAbstract" xlink:label="TaskForceOnClimateRelatedFinancialDisclosuresRecommendationsAbstract" xlink:title="TaskForceOnClimateRelatedFinancialDisclosuresRecommendationsAbstract"/>
    <link:loc xlink:type="locator" xlink:href="tcfd.xsd#tcfd_GovernanceDisclosureTextBlock" xlink:label="GovernanceDisclosureTextBlock" xlink:title="GovernanceDisclosureTextBlock"/>
    <link:presentationArc xlink:type="arc" xlink:arcrole="http://www.xbrl.org/2003/arcrole/parent-child" xlink:from="TaskForceOnClimateRelatedFinancialDisclosuresRecommendationsAbstract" xlink:to="GovernanceDisclosureTextBlock" xlink:title="presentation: TaskForceOnClimateRelatedFinancialDisclosuresRecommendationsAbstract to GovernanceDisclosureTextBlock" order="1.0"/>
    <link:loc xlink:type="locator" xlink:href="tcfd.xsd#tcfd_MetricsAndTargetsDisclosureTextBlock" xlink:label="MetricsAndTargetsDisclosureTextBlock" xlink:title="MetricsAndTargetsDisclosureTextBlock"/>
    <link:presentationArc xlink:type="arc" xlink:arcrole="http://www.xbrl.org/2003/arcrole/parent-child" xlink:from="TaskForceOnClimateRelatedFinancialDisclosuresRecommendationsAbstract" xlink:to="MetricsAndTargetsDisclosureTextBlock" xlink:title="presentation: TaskForceOnClimateRelatedFinancialDisclosuresRecommendationsAbstract to MetricsAndTargetsDisclosureTextBlock" order="4.0"/>
    <link:loc xlink:type="locator" xlink:href="tcfd.xsd#tcfd_StrategyDisclosureTextBlock" xlink:label="StrategyDisclosureTextBlock" xlink:title="StrategyDisclosureTextBlock"/>
    <link:presentationArc xlink:type="arc" xlink:arcrole="http://www.xbrl.org/2003/arcrole/parent-child" xlink:from="TaskForceOnClimateRelatedFinancialDisclosuresRecommendationsAbstract" xlink:to="StrategyDisclosureTextBlock" xlink:title="presentation: TaskForceOnClimateRelatedFinancialDisclosuresRecommendationsAbstract to StrategyDisclosureTextBlock" order="2.0"/>
    <link:loc xlink:type="locator" xlink:href="tcfd.xsd#tcfd_RiskManagementDisclosureTextBlock" xlink:label="RiskManagementDisclosureTextBlock" xlink:title="RiskManagementDisclosureTextBlock"/>
    <link:presentationArc xlink:type="arc" xlink:arcrole="http://www.xbrl.org/2003/arcrole/parent-child" xlink:from="TaskForceOnClimateRelatedFinancialDisclosuresRecommendationsAbstract" xlink:to="RiskManagementDisclosureTextBlock" xlink:title="presentation: TaskForceOnClimateRelatedFinancialDisclosuresRecommendationsAbstract to RiskManagementDisclosureTextBlock" order="3.0"/>
  </link:presentationLink>
</link:linkbase>
