<?xml version="1.0" encoding="UTF-8"?>
<!-- Generated by Fujitsu Interstage XWand B0228 -->
<link:linkbase xmlns:xsi="http://www.w3.org/2001/XMLSchema-instance" xsi:schemaLocation="http://www.xbrl.org/2003/linkbase http://www.xbrl.org/2003/xbrl-linkbase-2003-12-31.xsd" xmlns:link="http://www.xbrl.org/2003/linkbase" xmlns:xbrli="http://www.xbrl.org/2003/instance" xmlns:xlink="http://www.w3.org/1999/xlink">
  <link:labelLink xlink:type="extended" xlink:role="http://www.xbrl.org/2003/role/link">
    <link:loc xlink:type="locator" xlink:href="tcfd.xsd#tcfd_GovernanceDisclosureTextBlock" xlink:label="GovernanceDisclosureTextBlock" xlink:title="GovernanceDisclosureTextBlock"/>
    <link:label xlink:type="resource" xlink:label="label_GovernanceDisclosureTextBlock" xlink:role="http://www.xbrl.org/2003/role/label" xlink:title="label_GovernanceDisclosureTextBlock" xml:lang="en-US" id="label_GovernanceDisclosureTextBlock">Governance Disclosure [Text Block]</link:label>
    <link:labelArc xlink:type="arc" xlink:arcrole="http://www.xbrl.org/2003/arcrole/concept-label" xlink:from="GovernanceDisclosureTextBlock" xlink:to="label_GovernanceDisclosureTextBlock" xlink:title="label: GovernanceDisclosureTextBlock to label_GovernanceDisclosureTextBlock"/>
    <link:label xlink:type="resource" xlink:label="label_GovernanceDisclosureTextBlock_2" xlink:role="http://www.xbrl.org/2003/role/documentation" xlink:title="label_GovernanceDisclosureTextBlock" xml:lang="en-US" id="label_GovernanceDisclosureTextBlock_2">Disclose the organization’s governance around climate-related risks and opportunities.</link:label>
    <link:labelArc xlink:type="arc" xlink:arcrole="http://www.xbrl.org/2003/arcrole/concept-label" xlink:from="GovernanceDisclosureTextBlock" xlink:to="label_GovernanceDisclosureTextBlock_2" xlink:title="label: GovernanceDisclosureTextBlock to label_GovernanceDisclosureTextBlock"/>
    <link:loc xlink:type="locator" xlink:href="tcfd.xsd#tcfd_StrategyDisclosureTextBlock" xlink:label="StrategyDisclosureTextBlock" xlink:title="StrategyDisclosureTextBlock"/>
    <link:label xlink:type="resource" xlink:label="label_StrategyDisclosureTextBlock" xlink:role="http://www.xbrl.org/2003/role/label" xlink:title="label_StrategyDisclosureTextBlock" xml:lang="en-US" id="label_StrategyDisclosureTextBlock">Strategy Disclosure [Text Block]</link:label>
    <link:labelArc xlink:type="arc" xlink:arcrole="http://www.xbrl.org/2003/arcrole/concept-label" xlink:from="StrategyDisclosureTextBlock" xlink:to="label_StrategyDisclosureTextBlock" xlink:title="label: StrategyDisclosureTextBlock to label_StrategyDisclosureTextBlock"/>
    <link:label xlink:type="resource" xlink:label="label_StrategyDisclosureTextBlock_2" xlink:role="http://www.xbrl.org/2003/role/documentation" xlink:title="label_StrategyDisclosureTextBlock" xml:lang="en-US" id="label_StrategyDisclosureTextBlock_2">Disclose the actual and potential impacts of climate-related risks and opportunities on the organization’s businesses, strategy, and financial planning where such information is material.</link:label>
    <link:labelArc xlink:type="arc" xlink:arcrole="http://www.xbrl.org/2003/arcrole/concept-label" xlink:from="StrategyDisclosureTextBlock" xlink:to="label_StrategyDisclosureTextBlock_2" xlink:title="label: StrategyDisclosureTextBlock to label_StrategyDisclosureTextBlock"/>
    <link:loc xlink:type="locator" xlink:href="tcfd.xsd#tcfd_RiskManagementDisclosureTextBlock" xlink:label="RiskManagementDisclosureTextBlock" xlink:title="RiskManagementDisclosureTextBlock"/>
    <link:label xlink:type="resource" xlink:label="label_RiskManagementDisclosureTextBlock" xlink:role="http://www.xbrl.org/2003/role/label" xlink:title="label_RiskManagementDisclosureTextBlock" xml:lang="en-US" id="label_RiskManagementDisclosureTextBlock">Risk Management Disclosure [Text Block]</link:label>
    <link:labelArc xlink:type="arc" xlink:arcrole="http://www.xbrl.org/2003/arcrole/concept-label" xlink:from="RiskManagementDisclosureTextBlock" xlink:to="label_RiskManagementDisclosureTextBlock" xlink:title="label: RiskManagementDisclosureTextBlock to label_RiskManagementDisclosureTextBlock"/>
    <link:label xlink:type="resource" xlink:label="label_RiskManagementDisclosureTextBlock_2" xlink:role="http://www.xbrl.org/2003/role/documentation" xlink:title="label_RiskManagementDisclosureTextBlock" xml:lang="en-US" id="label_RiskManagementDisclosureTextBlock_2">Disclose how the organization identifies, assesses, and manages climate-related risks.</link:label>
    <link:labelArc xlink:type="arc" xlink:arcrole="http://www.xbrl.org/2003/arcrole/concept-label" xlink:from="RiskManagementDisclosureTextBlock" xlink:to="label_RiskManagementDisclosureTextBlock_2" xlink:title="label: RiskManagementDisclosureTextBlock to label_RiskManagementDisclosureTextBlock"/>
    <link:loc xlink:type="locator" xlink:href="tcfd.xsd#tcfd_MetricsAndTargetsDisclosureTextBlock" xlink:label="MetricsAndTargetsDisclosureTextBlock" xlink:title="MetricsAndTargetsDisclosureTextBlock"/>
    <link:label xlink:type="resource" xlink:label="label_MetricsAndTargetsDisclosureTextBlock" xlink:role="http://www.xbrl.org/2003/role/label" xlink:title="label_MetricsAndTargetsDisclosureTextBlock" xml:lang="en-US" id="label_MetricsAndTargetsDisclosureTextBlock">Metrics And Targets Disclosure [Text Block]</link:label>
    <link:labelArc xlink:type="arc" xlink:arcrole="http://www.xbrl.org/2003/arcrole/concept-label" xlink:from="MetricsAndTargetsDisclosureTextBlock" xlink:to="label_MetricsAndTargetsDisclosureTextBlock" xlink:title="label: MetricsAndTargetsDisclosureTextBlock to label_MetricsAndTargetsDisclosureTextBlock"/>
    <link:label xlink:type="resource" xlink:label="label_MetricsAndTargetsDisclosureTextBlock_2" xlink:role="http://www.xbrl.org/2003/role/documentation" xlink:title="label_MetricsAndTargetsDisclosureTextBlock" xml:lang="en-US" id="label_MetricsAndTargetsDisclosureTextBlock_2">Disclose the metrics and targets used to assess and manage relevant climate-related risks and opportunities where such information is material.</link:label>
    <link:labelArc xlink:type="arc" xlink:arcrole="http://www.xbrl.org/2003/arcrole/concept-label" xlink:from="MetricsAndTargetsDisclosureTextBlock" xlink:to="label_MetricsAndTargetsDisclosureTextBlock_2" xlink:title="label: MetricsAndTargetsDisclosureTextBlock to label_MetricsAndTargetsDisclosureTextBlock"/>
    <link:loc xlink:type="locator" xlink:href="tcfd.xsd#tcfd_TaskForceOnClimateRelatedFinancialDisclosuresRecommendationsAbstract" xlink:label="TaskForceOnClimateRelatedFinancialDisclosuresRecommendationsAbstract" xlink:title="TaskForceOnClimateRelatedFinancialDisclosuresRecommendationsAbstract"/>
    <link:label xlink:type="resource" xlink:label="label_TaskForceOnClimateRelatedFinancialDisclosuresRecommendationsAbstract" xlink:role="http://www.xbrl.org/2003/role/label" xlink:title="label_TaskForceOnClimateRelatedFinancialDisclosuresRecommendationsAbstract" xml:lang="en-US" id="label_TaskForceOnClimateRelatedFinancialDisclosuresRecommendationsAbstract">Task Force On Climate-related Financial Disclosures Recommendations [Abstract]</link:label>
    <link:labelArc xlink:type="arc" xlink:arcrole="http://www.xbrl.org/2003/arcrole/concept-label" xlink:from="TaskForceOnClimateRelatedFinancialDisclosuresRecommendationsAbstract" xlink:to="label_TaskForceOnClimateRelatedFinancialDisclosuresRecommendationsAbstract" xlink:title="label: TaskForceOnClimateRelatedFinancialDisclosuresRecommendationsAbstract to label_TaskForceOnClimateRelatedFinancialDisclosuresRecommendationsAbstract"/>
    <link:label xlink:type="resource" xlink:label="label_TaskForceOnClimateRelatedFinancialDisclosuresRecommendationsAbstract_2" xlink:role="http://www.xbrl.org/2003/role/documentation" xlink:title="label_TaskForceOnClimateRelatedFinancialDisclosuresRecommendationsAbstract" xml:lang="en-US" id="label_TaskForceOnClimateRelatedFinancialDisclosuresRecommendationsAbstract_2">Task Force on Climate-related Financial Disclosures (TCFD) recommendations on climate-related financial disclosures.</link:label>
    <link:labelArc xlink:type="arc" xlink:arcrole="http://www.xbrl.org/2003/arcrole/concept-label" xlink:from="TaskForceOnClimateRelatedFinancialDisclosuresRecommendationsAbstract" xlink:to="label_TaskForceOnClimateRelatedFinancialDisclosuresRecommendationsAbstract_2" xlink:title="label: TaskForceOnClimateRelatedFinancialDisclosuresRecommendationsAbstract to label_TaskForceOnClimateRelatedFinancialDisclosuresRecommendationsAbstract"/>
  </link:labelLink>
</link:linkbase>
