<?xml version="1.0" encoding="UTF-8"?>

<!--XBRL Document Created with Wdesk from Workiva-->
<!--Copyright 2020 Workiva-->
<!--r:4dc17fff-a4b5-4990-a199-6cec09c385d3,g:616d6790-1169-4c4b-bc95-2884efae7446-->
<link:linkbase xmlns:link="http://www.xbrl.org/2003/linkbase" xmlns:xlink="http://www.w3.org/1999/xlink" xmlns:xsi="http://www.w3.org/2001/XMLSchema-instance" xmlns:xbrldt="http://xbrl.org/2005/xbrldt" xsi:schemaLocation="http://www.xbrl.org/2003/linkbase http://www.xbrl.org/2003/xbrl-linkbase-2003-12-31.xsd">
  <link:arcroleRef arcroleURI="http://xbrl.org/int/dim/arcrole/all" xlink:type="simple" xlink:href="http://www.xbrl.org/2005/xbrldt-2005.xsd#all"/>
  <link:arcroleRef arcroleURI="http://xbrl.org/int/dim/arcrole/hypercube-dimension" xlink:type="simple" xlink:href="http://www.xbrl.org/2005/xbrldt-2005.xsd#hypercube-dimension"/>
  <link:arcroleRef arcroleURI="http://xbrl.org/int/dim/arcrole/dimension-default" xlink:type="simple" xlink:href="http://www.xbrl.org/2005/xbrldt-2005.xsd#dimension-default"/>
  <link:arcroleRef arcroleURI="http://xbrl.org/int/dim/arcrole/dimension-domain" xlink:type="simple" xlink:href="http://www.xbrl.org/2005/xbrldt-2005.xsd#dimension-domain"/>
  <link:arcroleRef arcroleURI="http://xbrl.org/int/dim/arcrole/domain-member" xlink:type="simple" xlink:href="http://www.xbrl.org/2005/xbrldt-2005.xsd#domain-member"/>
  <link:roleRef roleURI="http://novonordisk.com/role/AccountingMetricsDetails" xlink:type="simple" xlink:href="nvo-20201207.xsd#AccountingMetricsDetails"/>
  <link:definitionLink xlink:role="http://novonordisk.com/role/AccountingMetricsDetails" xlink:type="extended" id="ib8cb1b45e0844b62945c368de57c96f7_AccountingMetricsDetails">
    <link:loc xlink:type="locator" xlink:label="loc_sasb_LossesAsAResultOfLegalProceedingsLineItems_48df0fa0-aeb9-4b66-ab80-454bfbd9a0c3" xlink:href="http://www.sasb.org/xbrl/taxonomy/cor/sasb.xsd#sasb_LossesAsAResultOfLegalProceedingsLineItems"/>
    <link:loc xlink:type="locator" xlink:label="loc_sasb_LossesAsAResultOfLegalProceedings_0c25a744-70c3-4372-9d99-5a753fd6c042" xlink:href="http://www.sasb.org/xbrl/taxonomy/cor/sasb.xsd#sasb_LossesAsAResultOfLegalProceedings"/>
    <link:definitionArc xlink:arcrole="http://xbrl.org/int/dim/arcrole/domain-member" xlink:from="loc_sasb_LossesAsAResultOfLegalProceedingsLineItems_48df0fa0-aeb9-4b66-ab80-454bfbd9a0c3" xlink:to="loc_sasb_LossesAsAResultOfLegalProceedings_0c25a744-70c3-4372-9d99-5a753fd6c042" xlink:type="arc" order="0"/>
    <link:loc xlink:type="locator" xlink:label="loc_sasb_LossesAsAResultOfLegalProceedingsTable_077fffb2-7ada-430e-8ebd-22b12956753a" xlink:href="http://www.sasb.org/xbrl/taxonomy/cor/sasb.xsd#sasb_LossesAsAResultOfLegalProceedingsTable"/>
    <link:definitionArc xlink:arcrole="http://xbrl.org/int/dim/arcrole/all" xlink:from="loc_sasb_LossesAsAResultOfLegalProceedingsLineItems_48df0fa0-aeb9-4b66-ab80-454bfbd9a0c3" xlink:to="loc_sasb_LossesAsAResultOfLegalProceedingsTable_077fffb2-7ada-430e-8ebd-22b12956753a" xlink:type="arc" order="1" xbrldt:closed="true" xbrldt:contextElement="segment"/>
    <link:loc xlink:type="locator" xlink:label="loc_sasb_LegalProceedingAssociationAxis_b8ad8038-2860-4c7e-95ee-c2ab7b5723f7" xlink:href="http://www.sasb.org/xbrl/taxonomy/cor/sasb.xsd#sasb_LegalProceedingAssociationAxis"/>
    <link:definitionArc xlink:arcrole="http://xbrl.org/int/dim/arcrole/hypercube-dimension" xlink:from="loc_sasb_LossesAsAResultOfLegalProceedingsTable_077fffb2-7ada-430e-8ebd-22b12956753a" xlink:to="loc_sasb_LegalProceedingAssociationAxis_b8ad8038-2860-4c7e-95ee-c2ab7b5723f7" xlink:type="arc" order="1"/>
    <link:loc xlink:type="locator" xlink:label="loc_sasb_LegalProceedingAssociationDomain_b8ad8038-2860-4c7e-95ee-c2ab7b5723f7_default" xlink:href="http://www.sasb.org/xbrl/taxonomy/cor/sasb.xsd#sasb_LegalProceedingAssociationDomain"/>
    <link:definitionArc xlink:arcrole="http://xbrl.org/int/dim/arcrole/dimension-default" xlink:from="loc_sasb_LegalProceedingAssociationAxis_b8ad8038-2860-4c7e-95ee-c2ab7b5723f7" xlink:to="loc_sasb_LegalProceedingAssociationDomain_b8ad8038-2860-4c7e-95ee-c2ab7b5723f7_default" xlink:type="arc" order="1"/>
    <link:loc xlink:type="locator" xlink:label="loc_sasb_LegalProceedingAssociationDomain_a2890d23-8e8a-43bb-87fc-764d6656af98" xlink:href="http://www.sasb.org/xbrl/taxonomy/cor/sasb.xsd#sasb_LegalProceedingAssociationDomain"/>
    <link:definitionArc xlink:arcrole="http://xbrl.org/int/dim/arcrole/dimension-domain" xlink:from="loc_sasb_LegalProceedingAssociationAxis_b8ad8038-2860-4c7e-95ee-c2ab7b5723f7" xlink:to="loc_sasb_LegalProceedingAssociationDomain_a2890d23-8e8a-43bb-87fc-764d6656af98" xlink:type="arc" order="1"/>
    <link:loc xlink:type="locator" xlink:label="loc_sasb_ClinicalTrialsInDevelopingCountriesMember_d7421fea-e82d-41d0-acfa-3c539b3e3173" xlink:href="http://www.sasb.org/xbrl/taxonomy/cor/sasb.xsd#sasb_ClinicalTrialsInDevelopingCountriesMember"/>
    <link:definitionArc xlink:arcrole="http://xbrl.org/int/dim/arcrole/domain-member" xlink:from="loc_sasb_LegalProceedingAssociationDomain_a2890d23-8e8a-43bb-87fc-764d6656af98" xlink:to="loc_sasb_ClinicalTrialsInDevelopingCountriesMember_d7421fea-e82d-41d0-acfa-3c539b3e3173" xlink:type="arc" order="0"/>
    <link:loc xlink:type="locator" xlink:label="loc_sasb_FdaEnforcementActionsTakenInResponseToViolationsOfCurrentGoodManufacturingPracticesLineItems_a89d9a26-f75a-4768-9618-f161d8c68b79" xlink:href="http://www.sasb.org/xbrl/taxonomy/cor/sasb.xsd#sasb_FdaEnforcementActionsTakenInResponseToViolationsOfCurrentGoodManufacturingPracticesLineItems"/>
    <link:loc xlink:type="locator" xlink:label="loc_sasb_DrugSafetyDisclosureAbstract_8365493c-3de9-451b-82e6-2ad86e62c2ae" xlink:href="http://www.sasb.org/xbrl/taxonomy/cor/sasb.xsd#sasb_DrugSafetyDisclosureAbstract"/>
    <link:definitionArc xlink:arcrole="http://xbrl.org/int/dim/arcrole/domain-member" xlink:from="loc_sasb_FdaEnforcementActionsTakenInResponseToViolationsOfCurrentGoodManufacturingPracticesLineItems_a89d9a26-f75a-4768-9618-f161d8c68b79" xlink:to="loc_sasb_DrugSafetyDisclosureAbstract_8365493c-3de9-451b-82e6-2ad86e62c2ae" xlink:type="arc" order="0"/>
    <link:loc xlink:type="locator" xlink:label="loc_sasb_ProductRecalls_375742bd-4ea7-4b49-840b-27cb2657b881" xlink:href="http://www.sasb.org/xbrl/taxonomy/cor/sasb.xsd#sasb_ProductRecalls"/>
    <link:definitionArc xlink:arcrole="http://xbrl.org/int/dim/arcrole/domain-member" xlink:from="loc_sasb_DrugSafetyDisclosureAbstract_8365493c-3de9-451b-82e6-2ad86e62c2ae" xlink:to="loc_sasb_ProductRecalls_375742bd-4ea7-4b49-840b-27cb2657b881" xlink:type="arc" order="1"/>
    <link:loc xlink:type="locator" xlink:label="loc_sasb_FdaEnforcementActionsTakenInResponseToViolationsOfCurrentGoodManufacturingPractices_62b7bb1f-f6aa-4353-b546-51eca103fee1" xlink:href="http://www.sasb.org/xbrl/taxonomy/cor/sasb.xsd#sasb_FdaEnforcementActionsTakenInResponseToViolationsOfCurrentGoodManufacturingPractices"/>
    <link:definitionArc xlink:arcrole="http://xbrl.org/int/dim/arcrole/domain-member" xlink:from="loc_sasb_DrugSafetyDisclosureAbstract_8365493c-3de9-451b-82e6-2ad86e62c2ae" xlink:to="loc_sasb_FdaEnforcementActionsTakenInResponseToViolationsOfCurrentGoodManufacturingPractices_62b7bb1f-f6aa-4353-b546-51eca103fee1" xlink:type="arc" order="2"/>
    <link:loc xlink:type="locator" xlink:label="loc_sasb_FdaEnforcementActionsTakenInResponseToViolationsOfCurrentGoodManufacturingPracticesTable_3fbf5a74-8430-41e4-b54f-bb6b67e41148" xlink:href="http://www.sasb.org/xbrl/taxonomy/cor/sasb.xsd#sasb_FdaEnforcementActionsTakenInResponseToViolationsOfCurrentGoodManufacturingPracticesTable"/>
    <link:definitionArc xlink:arcrole="http://xbrl.org/int/dim/arcrole/all" xlink:from="loc_sasb_FdaEnforcementActionsTakenInResponseToViolationsOfCurrentGoodManufacturingPracticesLineItems_a89d9a26-f75a-4768-9618-f161d8c68b79" xlink:to="loc_sasb_FdaEnforcementActionsTakenInResponseToViolationsOfCurrentGoodManufacturingPracticesTable_3fbf5a74-8430-41e4-b54f-bb6b67e41148" xlink:type="arc" order="2" xbrldt:closed="true" xbrldt:contextElement="segment"/>
    <link:loc xlink:type="locator" xlink:label="loc_sasb_FdaEnforcementActionAxis_c76a45fd-ef36-4fc5-acfe-3fb87a892da5" xlink:href="http://www.sasb.org/xbrl/taxonomy/cor/sasb.xsd#sasb_FdaEnforcementActionAxis"/>
    <link:definitionArc xlink:arcrole="http://xbrl.org/int/dim/arcrole/hypercube-dimension" xlink:from="loc_sasb_FdaEnforcementActionsTakenInResponseToViolationsOfCurrentGoodManufacturingPracticesTable_3fbf5a74-8430-41e4-b54f-bb6b67e41148" xlink:to="loc_sasb_FdaEnforcementActionAxis_c76a45fd-ef36-4fc5-acfe-3fb87a892da5" xlink:type="arc" order="1"/>
    <link:loc xlink:type="locator" xlink:label="loc_sasb_FdaEnforcementActionDomain_c76a45fd-ef36-4fc5-acfe-3fb87a892da5_default" xlink:href="http://www.sasb.org/xbrl/taxonomy/cor/sasb.xsd#sasb_FdaEnforcementActionDomain"/>
    <link:definitionArc xlink:arcrole="http://xbrl.org/int/dim/arcrole/dimension-default" xlink:from="loc_sasb_FdaEnforcementActionAxis_c76a45fd-ef36-4fc5-acfe-3fb87a892da5" xlink:to="loc_sasb_FdaEnforcementActionDomain_c76a45fd-ef36-4fc5-acfe-3fb87a892da5_default" xlink:type="arc" order="1"/>
    <link:loc xlink:type="locator" xlink:label="loc_sasb_FdaEnforcementActionDomain_fd1ee1df-0408-4399-a90f-ecb70579088d" xlink:href="http://www.sasb.org/xbrl/taxonomy/cor/sasb.xsd#sasb_FdaEnforcementActionDomain"/>
    <link:definitionArc xlink:arcrole="http://xbrl.org/int/dim/arcrole/dimension-domain" xlink:from="loc_sasb_FdaEnforcementActionAxis_c76a45fd-ef36-4fc5-acfe-3fb87a892da5" xlink:to="loc_sasb_FdaEnforcementActionDomain_fd1ee1df-0408-4399-a90f-ecb70579088d" xlink:type="arc" order="1"/>
    <link:loc xlink:type="locator" xlink:label="loc_sasb_EmployeeTurnoverRateInvoluntaryLineItems_d981dd56-7af9-423c-8f14-ac9d0f869455" xlink:href="http://www.sasb.org/xbrl/taxonomy/cor/sasb.xsd#sasb_EmployeeTurnoverRateInvoluntaryLineItems"/>
    <link:loc xlink:type="locator" xlink:label="loc_sasb_EmployeeTurnoverRateInvoluntary_c897f787-31a4-4da0-9df2-98d1a41520d5" xlink:href="http://www.sasb.org/xbrl/taxonomy/cor/sasb.xsd#sasb_EmployeeTurnoverRateInvoluntary"/>
    <link:definitionArc xlink:arcrole="http://xbrl.org/int/dim/arcrole/domain-member" xlink:from="loc_sasb_EmployeeTurnoverRateInvoluntaryLineItems_d981dd56-7af9-423c-8f14-ac9d0f869455" xlink:to="loc_sasb_EmployeeTurnoverRateInvoluntary_c897f787-31a4-4da0-9df2-98d1a41520d5" xlink:type="arc" order="0"/>
    <link:loc xlink:type="locator" xlink:label="loc_sasb_EmployeeTurnoverRateInvoluntaryTable_29dc67fd-ef0f-4960-8954-0300df0ee460" xlink:href="http://www.sasb.org/xbrl/taxonomy/cor/sasb.xsd#sasb_EmployeeTurnoverRateInvoluntaryTable"/>
    <link:definitionArc xlink:arcrole="http://xbrl.org/int/dim/arcrole/all" xlink:from="loc_sasb_EmployeeTurnoverRateInvoluntaryLineItems_d981dd56-7af9-423c-8f14-ac9d0f869455" xlink:to="loc_sasb_EmployeeTurnoverRateInvoluntaryTable_29dc67fd-ef0f-4960-8954-0300df0ee460" xlink:type="arc" order="3" xbrldt:closed="true" xbrldt:contextElement="segment"/>
    <link:loc xlink:type="locator" xlink:label="loc_sasb_EmployeeTypeAxis_79d70684-ea9d-49a4-af2b-e1039e9c0527" xlink:href="http://www.sasb.org/xbrl/taxonomy/cor/sasb.xsd#sasb_EmployeeTypeAxis"/>
    <link:definitionArc xlink:arcrole="http://xbrl.org/int/dim/arcrole/hypercube-dimension" xlink:from="loc_sasb_EmployeeTurnoverRateInvoluntaryTable_29dc67fd-ef0f-4960-8954-0300df0ee460" xlink:to="loc_sasb_EmployeeTypeAxis_79d70684-ea9d-49a4-af2b-e1039e9c0527" xlink:type="arc" order="1"/>
    <link:loc xlink:type="locator" xlink:label="loc_sasb_EmployeeTypeDomain_79d70684-ea9d-49a4-af2b-e1039e9c0527_default" xlink:href="http://www.sasb.org/xbrl/taxonomy/cor/sasb.xsd#sasb_EmployeeTypeDomain"/>
    <link:definitionArc xlink:arcrole="http://xbrl.org/int/dim/arcrole/dimension-default" xlink:from="loc_sasb_EmployeeTypeAxis_79d70684-ea9d-49a4-af2b-e1039e9c0527" xlink:to="loc_sasb_EmployeeTypeDomain_79d70684-ea9d-49a4-af2b-e1039e9c0527_default" xlink:type="arc" order="1"/>
    <link:loc xlink:type="locator" xlink:label="loc_sasb_EmployeeTypeDomain_33d73012-f67e-496c-9bf1-c3d91af6fc0e" xlink:href="http://www.sasb.org/xbrl/taxonomy/cor/sasb.xsd#sasb_EmployeeTypeDomain"/>
    <link:definitionArc xlink:arcrole="http://xbrl.org/int/dim/arcrole/dimension-domain" xlink:from="loc_sasb_EmployeeTypeAxis_79d70684-ea9d-49a4-af2b-e1039e9c0527" xlink:to="loc_sasb_EmployeeTypeDomain_33d73012-f67e-496c-9bf1-c3d91af6fc0e" xlink:type="arc" order="1"/>
    <link:loc xlink:type="locator" xlink:label="loc_sasb_EmployeeTurnoverRateVoluntaryLineItems_b6926b56-4f3c-4411-9c62-1a10df9c36c6" xlink:href="http://www.sasb.org/xbrl/taxonomy/cor/sasb.xsd#sasb_EmployeeTurnoverRateVoluntaryLineItems"/>
    <link:loc xlink:type="locator" xlink:label="loc_sasb_EmployeeTurnoverRateVoluntary_8342237b-7cee-497c-bba2-e13aaefffb1c" xlink:href="http://www.sasb.org/xbrl/taxonomy/cor/sasb.xsd#sasb_EmployeeTurnoverRateVoluntary"/>
    <link:definitionArc xlink:arcrole="http://xbrl.org/int/dim/arcrole/domain-member" xlink:from="loc_sasb_EmployeeTurnoverRateVoluntaryLineItems_b6926b56-4f3c-4411-9c62-1a10df9c36c6" xlink:to="loc_sasb_EmployeeTurnoverRateVoluntary_8342237b-7cee-497c-bba2-e13aaefffb1c" xlink:type="arc" order="0"/>
    <link:loc xlink:type="locator" xlink:label="loc_sasb_EmployeeTurnoverRateVoluntaryTable_2ff3c886-c4cb-4e47-8abe-100de1b4f8df" xlink:href="http://www.sasb.org/xbrl/taxonomy/cor/sasb.xsd#sasb_EmployeeTurnoverRateVoluntaryTable"/>
    <link:definitionArc xlink:arcrole="http://xbrl.org/int/dim/arcrole/all" xlink:from="loc_sasb_EmployeeTurnoverRateVoluntaryLineItems_b6926b56-4f3c-4411-9c62-1a10df9c36c6" xlink:to="loc_sasb_EmployeeTurnoverRateVoluntaryTable_2ff3c886-c4cb-4e47-8abe-100de1b4f8df" xlink:type="arc" order="4" xbrldt:closed="true" xbrldt:contextElement="segment"/>
    <link:loc xlink:type="locator" xlink:label="loc_sasb_EmployeeTypeAxis_aa6abfba-a62d-4f10-a2a6-c7a6e42c12c1" xlink:href="http://www.sasb.org/xbrl/taxonomy/cor/sasb.xsd#sasb_EmployeeTypeAxis"/>
    <link:definitionArc xlink:arcrole="http://xbrl.org/int/dim/arcrole/hypercube-dimension" xlink:from="loc_sasb_EmployeeTurnoverRateVoluntaryTable_2ff3c886-c4cb-4e47-8abe-100de1b4f8df" xlink:to="loc_sasb_EmployeeTypeAxis_aa6abfba-a62d-4f10-a2a6-c7a6e42c12c1" xlink:type="arc" order="1"/>
    <link:loc xlink:type="locator" xlink:label="loc_sasb_EmployeeTypeDomain_aa6abfba-a62d-4f10-a2a6-c7a6e42c12c1_default" xlink:href="http://www.sasb.org/xbrl/taxonomy/cor/sasb.xsd#sasb_EmployeeTypeDomain"/>
    <link:loc xlink:type="locator" xlink:label="loc_sasb_EmployeeTypeDomain_d3dd36c3-f98d-4abc-87e6-1369249c656e" xlink:href="http://www.sasb.org/xbrl/taxonomy/cor/sasb.xsd#sasb_EmployeeTypeDomain"/>
    <link:loc xlink:type="locator" xlink:label="loc_sasb_SupplierFacilitiesPercentageParticipatingInPharmaceuticalSupplyChainConsortiumAuditProgramLineItems_09d4e113-5d4f-4434-bb62-cb848b692682" xlink:href="http://www.sasb.org/xbrl/taxonomy/cor/sasb.xsd#sasb_SupplierFacilitiesPercentageParticipatingInPharmaceuticalSupplyChainConsortiumAuditProgramLineItems"/>
    <link:loc xlink:type="locator" xlink:label="loc_sasb_SupplierFacilitiesPercentageParticipatingInPharmaceuticalSupplyChainConsortiumAuditProgram_7a7d03c4-d1e9-4d1b-a3a5-6ef7f5f2d9c2" xlink:href="http://www.sasb.org/xbrl/taxonomy/cor/sasb.xsd#sasb_SupplierFacilitiesPercentageParticipatingInPharmaceuticalSupplyChainConsortiumAuditProgram"/>
    <link:definitionArc xlink:arcrole="http://xbrl.org/int/dim/arcrole/domain-member" xlink:from="loc_sasb_SupplierFacilitiesPercentageParticipatingInPharmaceuticalSupplyChainConsortiumAuditProgramLineItems_09d4e113-5d4f-4434-bb62-cb848b692682" xlink:to="loc_sasb_SupplierFacilitiesPercentageParticipatingInPharmaceuticalSupplyChainConsortiumAuditProgram_7a7d03c4-d1e9-4d1b-a3a5-6ef7f5f2d9c2" xlink:type="arc" order="0"/>
    <link:loc xlink:type="locator" xlink:label="loc_sasb_EntityFacilitiesPercentageParticipatingInThePharmaceuticalSupplyChainConsortiumAuditProgram_cadb50c5-6360-4495-932c-cf7554980a2c" xlink:href="http://www.sasb.org/xbrl/taxonomy/cor/sasb.xsd#sasb_EntityFacilitiesPercentageParticipatingInThePharmaceuticalSupplyChainConsortiumAuditProgram"/>
    <link:definitionArc xlink:arcrole="http://xbrl.org/int/dim/arcrole/domain-member" xlink:from="loc_sasb_SupplierFacilitiesPercentageParticipatingInPharmaceuticalSupplyChainConsortiumAuditProgramLineItems_09d4e113-5d4f-4434-bb62-cb848b692682" xlink:to="loc_sasb_EntityFacilitiesPercentageParticipatingInThePharmaceuticalSupplyChainConsortiumAuditProgram_cadb50c5-6360-4495-932c-cf7554980a2c" xlink:type="arc" order="1"/>
    <link:loc xlink:type="locator" xlink:label="loc_sasb_SupplierFacilitiesPercentageParticipatingInPharmaceuticalSupplyChainConsortiumAuditProgramTable_ffe0641b-b4c1-4db8-8264-cbba967f8ea5" xlink:href="http://www.sasb.org/xbrl/taxonomy/cor/sasb.xsd#sasb_SupplierFacilitiesPercentageParticipatingInPharmaceuticalSupplyChainConsortiumAuditProgramTable"/>
    <link:definitionArc xlink:arcrole="http://xbrl.org/int/dim/arcrole/all" xlink:from="loc_sasb_SupplierFacilitiesPercentageParticipatingInPharmaceuticalSupplyChainConsortiumAuditProgramLineItems_09d4e113-5d4f-4434-bb62-cb848b692682" xlink:to="loc_sasb_SupplierFacilitiesPercentageParticipatingInPharmaceuticalSupplyChainConsortiumAuditProgramTable_ffe0641b-b4c1-4db8-8264-cbba967f8ea5" xlink:type="arc" order="5" xbrldt:closed="true" xbrldt:contextElement="segment"/>
    <link:loc xlink:type="locator" xlink:label="loc_sasb_SupplierTierAxis_ce53793b-c14b-442a-bb77-52b8f245310a" xlink:href="http://www.sasb.org/xbrl/taxonomy/cor/sasb.xsd#sasb_SupplierTierAxis"/>
    <link:definitionArc xlink:arcrole="http://xbrl.org/int/dim/arcrole/hypercube-dimension" xlink:from="loc_sasb_SupplierFacilitiesPercentageParticipatingInPharmaceuticalSupplyChainConsortiumAuditProgramTable_ffe0641b-b4c1-4db8-8264-cbba967f8ea5" xlink:to="loc_sasb_SupplierTierAxis_ce53793b-c14b-442a-bb77-52b8f245310a" xlink:type="arc" order="1"/>
    <link:loc xlink:type="locator" xlink:label="loc_sasb_SupplierTierDomain_ce53793b-c14b-442a-bb77-52b8f245310a_default" xlink:href="http://www.sasb.org/xbrl/taxonomy/cor/sasb.xsd#sasb_SupplierTierDomain"/>
    <link:definitionArc xlink:arcrole="http://xbrl.org/int/dim/arcrole/dimension-default" xlink:from="loc_sasb_SupplierTierAxis_ce53793b-c14b-442a-bb77-52b8f245310a" xlink:to="loc_sasb_SupplierTierDomain_ce53793b-c14b-442a-bb77-52b8f245310a_default" xlink:type="arc" order="1"/>
    <link:loc xlink:type="locator" xlink:label="loc_sasb_SupplierTierDomain_6d27e94b-5a39-4623-a772-8750366f8a3d" xlink:href="http://www.sasb.org/xbrl/taxonomy/cor/sasb.xsd#sasb_SupplierTierDomain"/>
    <link:definitionArc xlink:arcrole="http://xbrl.org/int/dim/arcrole/dimension-domain" xlink:from="loc_sasb_SupplierTierAxis_ce53793b-c14b-442a-bb77-52b8f245310a" xlink:to="loc_sasb_SupplierTierDomain_6d27e94b-5a39-4623-a772-8750366f8a3d" xlink:type="arc" order="1"/>
    <link:loc xlink:type="locator" xlink:label="loc_sasb_LossesAsAResultOfLegalProceedingsLineItems_130eed6d-12a9-4a8c-ada6-b3cb3eb3fadc" xlink:href="http://www.sasb.org/xbrl/taxonomy/cor/sasb.xsd#sasb_LossesAsAResultOfLegalProceedingsLineItems"/>
    <link:loc xlink:type="locator" xlink:label="loc_sasb_LossesAsAResultOfLegalProceedings_e90b51e8-93d6-4158-aa17-1c5f25b5bd40" xlink:href="http://www.sasb.org/xbrl/taxonomy/cor/sasb.xsd#sasb_LossesAsAResultOfLegalProceedings"/>
    <link:loc xlink:type="locator" xlink:label="loc_sasb_LossesAsAResultOfLegalProceedingsTable_e8602b6d-936a-42a1-b742-e4364b0fa613" xlink:href="http://www.sasb.org/xbrl/taxonomy/cor/sasb.xsd#sasb_LossesAsAResultOfLegalProceedingsTable"/>
    <link:loc xlink:type="locator" xlink:label="loc_sasb_LegalProceedingAssociationAxis_d5167a73-a011-4313-9dc9-1031061f32a6" xlink:href="http://www.sasb.org/xbrl/taxonomy/cor/sasb.xsd#sasb_LegalProceedingAssociationAxis"/>
    <link:loc xlink:type="locator" xlink:label="loc_sasb_LegalProceedingAssociationDomain_d5167a73-a011-4313-9dc9-1031061f32a6_default" xlink:href="http://www.sasb.org/xbrl/taxonomy/cor/sasb.xsd#sasb_LegalProceedingAssociationDomain"/>
    <link:loc xlink:type="locator" xlink:label="loc_sasb_LegalProceedingAssociationDomain_a11db58b-baea-4087-ad66-6bcaceddcf0e" xlink:href="http://www.sasb.org/xbrl/taxonomy/cor/sasb.xsd#sasb_LegalProceedingAssociationDomain"/>
    <link:loc xlink:type="locator" xlink:label="loc_sasb_CorruptionAndBriberyMember_6556ebe7-3174-4939-b0c9-a1e11dfa2194" xlink:href="http://www.sasb.org/xbrl/taxonomy/cor/sasb.xsd#sasb_CorruptionAndBriberyMember"/>
    <link:definitionArc xlink:arcrole="http://xbrl.org/int/dim/arcrole/domain-member" xlink:from="loc_sasb_LegalProceedingAssociationDomain_a11db58b-baea-4087-ad66-6bcaceddcf0e" xlink:to="loc_sasb_CorruptionAndBriberyMember_6556ebe7-3174-4939-b0c9-a1e11dfa2194" xlink:type="arc" order="0"/>
  </link:definitionLink>
  <link:roleRef roleURI="http://novonordisk.com/role/ActivityMetricsDetails" xlink:type="simple" xlink:href="nvo-20201207.xsd#ActivityMetricsDetails"/>
  <link:definitionLink xlink:role="http://novonordisk.com/role/ActivityMetricsDetails" xlink:type="extended" id="i7998a8e89d7d4c4680807e156a5e772c_ActivityMetricsDetails"/>
  <link:roleRef roleURI="http://novonordisk.com/role/ConsumerGoodsECommerceCGECStatement" xlink:type="simple" xlink:href="nvo-20201207.xsd#ConsumerGoodsECommerceCGECStatement"/>
  <link:definitionLink xlink:role="http://novonordisk.com/role/ConsumerGoodsECommerceCGECStatement" xlink:type="extended" id="ia6c726649e384b83ac4e369217ffdf6d_ConsumerGoodsECommerceCGECStatement">
    <link:loc xlink:type="locator" xlink:label="loc_sasb_EmployeesPercentageOfManagementLineItems_5b0b5fa7-6bbb-43e1-b052-aca746b6ae81" xlink:href="http://www.sasb.org/xbrl/taxonomy/cor/sasb.xsd#sasb_EmployeesPercentageOfManagementLineItems"/>
    <link:loc xlink:type="locator" xlink:label="loc_sasb_EmployeesNumber_8ae7a37c-21e4-4dc3-a9cb-99397c8d1f7a" xlink:href="http://www.sasb.org/xbrl/taxonomy/cor/sasb.xsd#sasb_EmployeesNumber"/>
    <link:definitionArc xlink:arcrole="http://xbrl.org/int/dim/arcrole/domain-member" xlink:from="loc_sasb_EmployeesPercentageOfManagementLineItems_5b0b5fa7-6bbb-43e1-b052-aca746b6ae81" xlink:to="loc_sasb_EmployeesNumber_8ae7a37c-21e4-4dc3-a9cb-99397c8d1f7a" xlink:type="arc" order="0"/>
    <link:loc xlink:type="locator" xlink:label="loc_sasb_EmployeeEngagementPercentage_e4aa8206-9f1e-4dba-b28f-143b92714c7b" xlink:href="http://www.sasb.org/xbrl/taxonomy/cor/sasb.xsd#sasb_EmployeeEngagementPercentage"/>
    <link:definitionArc xlink:arcrole="http://xbrl.org/int/dim/arcrole/domain-member" xlink:from="loc_sasb_EmployeesPercentageOfManagementLineItems_5b0b5fa7-6bbb-43e1-b052-aca746b6ae81" xlink:to="loc_sasb_EmployeeEngagementPercentage_e4aa8206-9f1e-4dba-b28f-143b92714c7b" xlink:type="arc" order="1"/>
    <link:loc xlink:type="locator" xlink:label="loc_sasb_EmployeesPercentageOfManagement_460fe036-72e0-469a-8217-36a5e1e0fb9a" xlink:href="http://www.sasb.org/xbrl/taxonomy/cor/sasb.xsd#sasb_EmployeesPercentageOfManagement"/>
    <link:definitionArc xlink:arcrole="http://xbrl.org/int/dim/arcrole/domain-member" xlink:from="loc_sasb_EmployeesPercentageOfManagementLineItems_5b0b5fa7-6bbb-43e1-b052-aca746b6ae81" xlink:to="loc_sasb_EmployeesPercentageOfManagement_460fe036-72e0-469a-8217-36a5e1e0fb9a" xlink:type="arc" order="2"/>
    <link:loc xlink:type="locator" xlink:label="loc_sasb_EmployeesPercentageOfManagementTable_a5f810a5-abd8-4268-b9b5-19c79d143077" xlink:href="http://www.sasb.org/xbrl/taxonomy/cor/sasb.xsd#sasb_EmployeesPercentageOfManagementTable"/>
    <link:definitionArc xlink:arcrole="http://xbrl.org/int/dim/arcrole/all" xlink:from="loc_sasb_EmployeesPercentageOfManagementLineItems_5b0b5fa7-6bbb-43e1-b052-aca746b6ae81" xlink:to="loc_sasb_EmployeesPercentageOfManagementTable_a5f810a5-abd8-4268-b9b5-19c79d143077" xlink:type="arc" order="1" xbrldt:closed="true" xbrldt:contextElement="segment"/>
    <link:loc xlink:type="locator" xlink:label="loc_sasb_GenderAxis_29355f1c-c16a-4977-a21f-b0bd06484284" xlink:href="http://www.sasb.org/xbrl/taxonomy/cor/sasb.xsd#sasb_GenderAxis"/>
    <link:definitionArc xlink:arcrole="http://xbrl.org/int/dim/arcrole/hypercube-dimension" xlink:from="loc_sasb_EmployeesPercentageOfManagementTable_a5f810a5-abd8-4268-b9b5-19c79d143077" xlink:to="loc_sasb_GenderAxis_29355f1c-c16a-4977-a21f-b0bd06484284" xlink:type="arc" order="1"/>
    <link:loc xlink:type="locator" xlink:label="loc_sasb_GenderDomain_29355f1c-c16a-4977-a21f-b0bd06484284_default" xlink:href="http://www.sasb.org/xbrl/taxonomy/cor/sasb.xsd#sasb_GenderDomain"/>
    <link:definitionArc xlink:arcrole="http://xbrl.org/int/dim/arcrole/dimension-default" xlink:from="loc_sasb_GenderAxis_29355f1c-c16a-4977-a21f-b0bd06484284" xlink:to="loc_sasb_GenderDomain_29355f1c-c16a-4977-a21f-b0bd06484284_default" xlink:type="arc" order="1"/>
    <link:loc xlink:type="locator" xlink:label="loc_sasb_GenderDomain_00fde153-0cf6-4d8f-8af6-f4fc19a65a5d" xlink:href="http://www.sasb.org/xbrl/taxonomy/cor/sasb.xsd#sasb_GenderDomain"/>
    <link:definitionArc xlink:arcrole="http://xbrl.org/int/dim/arcrole/dimension-domain" xlink:from="loc_sasb_GenderAxis_29355f1c-c16a-4977-a21f-b0bd06484284" xlink:to="loc_sasb_GenderDomain_00fde153-0cf6-4d8f-8af6-f4fc19a65a5d" xlink:type="arc" order="1"/>
    <link:loc xlink:type="locator" xlink:label="loc_sasb_MaleMember_19f1f6a1-33ab-4117-b218-8cb89df42e52" xlink:href="http://www.sasb.org/xbrl/taxonomy/cor/sasb.xsd#sasb_MaleMember"/>
    <link:definitionArc xlink:arcrole="http://xbrl.org/int/dim/arcrole/domain-member" xlink:from="loc_sasb_GenderDomain_00fde153-0cf6-4d8f-8af6-f4fc19a65a5d" xlink:to="loc_sasb_MaleMember_19f1f6a1-33ab-4117-b218-8cb89df42e52" xlink:type="arc" order="0"/>
    <link:loc xlink:type="locator" xlink:label="loc_sasb_FemaleMember_93844edf-c992-4e24-9128-9d04e78b078e" xlink:href="http://www.sasb.org/xbrl/taxonomy/cor/sasb.xsd#sasb_FemaleMember"/>
    <link:definitionArc xlink:arcrole="http://xbrl.org/int/dim/arcrole/domain-member" xlink:from="loc_sasb_GenderDomain_00fde153-0cf6-4d8f-8af6-f4fc19a65a5d" xlink:to="loc_sasb_FemaleMember_93844edf-c992-4e24-9128-9d04e78b078e" xlink:type="arc" order="1"/>
  </link:definitionLink>
</link:linkbase>
